Team,Year,Split,Role,Player
Anyone s Legend,2023,Summer,TOP,Zdz
Anyone s Legend,2023,Summer,JUNGLE,Xiaohao
Anyone s Legend,2023,Summer,MID,Harder
Anyone s Legend,2023,Summer,BOT,zhiqiuyi
Anyone s Legend,2023,Summer,SUPPORT,Zorah
Anyone s Legend,2023,Summer,MID,Pinz
Anyone s Legend,2023,Summer,BOT,iBOY
Bilibili Gaming,2023,Summer,TOP,Bin
Bilibili Gaming,2023,Summer,JUNGLE,XUN
Bilibili Gaming,2023,Summer,MID,Yagao
Bilibili Gaming,2023,Summer,BOT,Elk
Bilibili Gaming,2023,Summer,SUPPORT,ON
Edward Gaming,2023,Summer,TOP,Ale
Edward Gaming,2023,Summer,JUNGLE,Jiejie
Edward Gaming,2023,Summer,MID,Fisher
Edward Gaming,2023,Summer,BOT,Uzi
Edward Gaming,2023,Summer,SUPPORT,meiko
Edward Gaming,2023,Summer,MID,FoFo
Edward Gaming,2023,Summer,BOT,Leave
Edward Gaming,2023,Summer,BOT,Thesnake
Funplus Phoenix,2023,Summer,TOP,Xiaolaohu
Funplus Phoenix,2023,Summer,JUNGLE,H4cker
Funplus Phoenix,2023,Summer,MID,Care
Funplus Phoenix,2023,Summer,BOT,Lwx
Funplus Phoenix,2023,Summer,SUPPORT,Qiuqiu
Funplus Phoenix,2023,Summer,JUNGLE,Bonnie
Invictus Gaming,2023,Summer,TOP,YSKM
Invictus Gaming,2023,Summer,JUNGLE,Tianzhen
Invictus Gaming,2023,Summer,MID,Cryin
Invictus Gaming,2023,Summer,BOT,Ahn
Invictus Gaming,2023,Summer,SUPPORT,Wink
Invictus Gaming,2023,Summer,TOP,neny
Invictus Gaming,2023,Summer,TOP,Wen
Invictus Gaming,2023,Summer,JUNGLE,beishang
Invictus Gaming,2023,Summer,BOT,xiaoyueji
JD Gaming,2023,Summer,TOP,369
JD Gaming,2023,Summer,JUNGLE,Kanavi
JD Gaming,2023,Summer,MID,Knight
JD Gaming,2023,Summer,BOT,Ruler
JD Gaming,2023,Summer,SUPPORT,Missing
JD Gaming,2023,Summer,MID,Lzq
LGD Gaming,2023,Summer,TOP,Decade
LGD Gaming,2023,Summer,JUNGLE,Meteor
LGD Gaming,2023,Summer,MID,Haichao
LGD Gaming,2023,Summer,BOT,Lpc
LGD Gaming,2023,Summer,SUPPORT,jinjiao
LGD Gaming,2023,Summer,TOP,fearness
LGD Gaming,2023,Summer,BOT,Envyy
LNG Esports,2023,Summer,TOP,Zika
LNG Esports,2023,Summer,JUNGLE,Tarzan
LNG Esports,2023,Summer,MID,Scout
LNG Esports,2023,Summer,BOT,GALA
LNG Esports,2023,Summer,SUPPORT,Hang
Ninjas in Pyjamas,2023,Summer,TOP,invincible
Ninjas in Pyjamas,2023,Summer,JUNGLE,Shad0w
Ninjas in Pyjamas,2023,Summer,MID,Angel
Ninjas in Pyjamas,2023,Summer,BOT,Photic
Ninjas in Pyjamas,2023,Summer,SUPPORT,Zhuo
Ninjas in Pyjamas,2023,Summer,JUNGLE,XLB
OMG,2023,Summer,TOP,shanji
OMG,2023,Summer,JUNGLE,AKi
OMG,2023,Summer,MID,Creme
OMG,2023,Summer,BOT,Able
OMG,2023,Summer,SUPPORT,Ppgod
Rare Atom,2023,Summer,TOP,Xiaoxu
Rare Atom,2023,Summer,JUNGLE,Leyan
Rare Atom,2023,Summer,MID,Strive
Rare Atom,2023,Summer,BOT,Assum
Rare Atom,2023,Summer,SUPPORT,Baolan
Rare Atom,2023,Summer,MID,Mole
Rare Atom,2023,Summer,SUPPORT,Feather
Royal Never Give Up,2023,Summer,TOP,Breathe
Royal Never Give Up,2023,Summer,JUNGLE,Wei
Royal Never Give Up,2023,Summer,MID,Tangyuan
Royal Never Give Up,2023,Summer,BOT,LP
Royal Never Give Up,2023,Summer,SUPPORT,LvMao
Team WE,2023,Summer,TOP,Cube
Team WE,2023,Summer,JUNGLE,Heng
Team WE,2023,Summer,MID,Shanks
Team WE,2023,Summer,BOT,Hope
Team WE,2023,Summer,SUPPORT,Iwandy
Top Esports,2023,Summer,TOP,Wayward
Top Esports,2023,Summer,JUNGLE,Tian
Top Esports,2023,Summer,MID,RooKie
Top Esports,2023,Summer,BOT,JackeyLove
Top Esports,2023,Summer,SUPPORT,Mark
TT,2023,Summer,TOP,Hoya
TT,2023,Summer,JUNGLE,Beichuan
TT,2023,Summer,MID,Ucal
TT,2023,Summer,BOT,1xn
TT,2023,Summer,SUPPORT,yaoyao
TT,2023,Summer,JUNGLE,xiaohuangren
TT,2023,Summer,BOT,huanfeng
TT,2023,Summer,SUPPORT,yuyanjia
Ultra Prime,2023,Summer,TOP,Hery
Ultra Prime,2023,Summer,JUNGLE,Ning
Ultra Prime,2023,Summer,MID,Dream
Ultra Prime,2023,Summer,BOT,Doggo
Ultra Prime,2023,Summer,SUPPORT,SwordArt
Ultra Prime,2023,Summer,MID,Forge
Weibo Gaming,2023,Summer,TOP,TheShy
Weibo Gaming,2023,Summer,JUNGLE,WeiWei
Weibo Gaming,2023,Summer,MID,xiaohu
Weibo Gaming,2023,Summer,BOT,Light
Weibo Gaming,2023,Summer,SUPPORT,Crisp
Anyone s Legend,2023,Spring,TOP,Zdz
Anyone s Legend,2023,Spring,JUNGLE,Xiaohao
Anyone s Legend,2023,Spring,MID,Pinz
Anyone s Legend,2023,Spring,BOT,Betty
Anyone s Legend,2023,Spring,SUPPORT,SwordArt
Anyone s Legend,2023,Spring,MID,Harder
Bilibili Gaming,2023,Spring,TOP,Bin
Bilibili Gaming,2023,Spring,JUNGLE,XUN
Bilibili Gaming,2023,Spring,MID,Yagao
Bilibili Gaming,2023,Spring,BOT,Elk
Bilibili Gaming,2023,Spring,SUPPORT,ON
Edward Gaming,2023,Spring,TOP,Ale
Edward Gaming,2023,Spring,JUNGLE,Jiejie
Edward Gaming,2023,Spring,MID,FoFo
Edward Gaming,2023,Spring,BOT,Leave
Edward Gaming,2023,Spring,SUPPORT,meiko
Funplus Phoenix,2023,Spring,TOP,Xiaolaohu
Funplus Phoenix,2023,Spring,JUNGLE,H4cker
Funplus Phoenix,2023,Spring,MID,Care
Funplus Phoenix,2023,Spring,BOT,Lwx
Funplus Phoenix,2023,Spring,SUPPORT,Qiuqiu
Funplus Phoenix,2023,Spring,TOP,fearness
Funplus Phoenix,2023,Spring,JUNGLE,haoye
Funplus Phoenix,2023,Spring,SUPPORT,Lele
Invictus Gaming,2023,Spring,TOP,neny
Invictus Gaming,2023,Spring,JUNGLE,GIDEON
Invictus Gaming,2023,Spring,MID,Dove
Invictus Gaming,2023,Spring,BOT,Ahn
Invictus Gaming,2023,Spring,SUPPORT,Wink
Invictus Gaming,2023,Spring,TOP,YSKM
Invictus Gaming,2023,Spring,MID,neny
JD Gaming,2023,Spring,TOP,369
JD Gaming,2023,Spring,JUNGLE,Kanavi
JD Gaming,2023,Spring,MID,Knight
JD Gaming,2023,Spring,BOT,Ruler
JD Gaming,2023,Spring,SUPPORT,Missing
LGD Gaming,2023,Spring,TOP,Xiaoxu
LGD Gaming,2023,Spring,JUNGLE,Meteor
LGD Gaming,2023,Spring,MID,Haichao
LGD Gaming,2023,Spring,BOT,Lpc
LGD Gaming,2023,Spring,SUPPORT,jinjiao
LGD Gaming,2023,Spring,MID,xqw
LNG Esports,2023,Spring,TOP,Zika
LNG Esports,2023,Spring,JUNGLE,Tarzan
LNG Esports,2023,Spring,MID,Scout
LNG Esports,2023,Spring,BOT,LP
LNG Esports,2023,Spring,SUPPORT,Hang
Ninjas in Pyjamas,2023,Spring,TOP,invincible
Ninjas in Pyjamas,2023,Spring,JUNGLE,Shad0w
Ninjas in Pyjamas,2023,Spring,MID,Dream
Ninjas in Pyjamas,2023,Spring,BOT,Photic
Ninjas in Pyjamas,2023,Spring,SUPPORT,Zhuo
Ninjas in Pyjamas,2023,Spring,TOP,Rich
Ninjas in Pyjamas,2023,Spring,JUNGLE,XLB
Ninjas in Pyjamas,2023,Spring,MID,Pout
OMG,2023,Spring,TOP,shanji
OMG,2023,Spring,JUNGLE,AKi
OMG,2023,Spring,MID,Creme
OMG,2023,Spring,BOT,Able
OMG,2023,Spring,SUPPORT,Ppgod
OMG,2023,Spring,SUPPORT,Jerry
Rare Atom,2023,Spring,TOP,Cube
Rare Atom,2023,Spring,JUNGLE,Leyan
Rare Atom,2023,Spring,MID,Strive
Rare Atom,2023,Spring,BOT,Assum
Rare Atom,2023,Spring,SUPPORT,Southwind
Rare Atom,2023,Spring,SUPPORT,bkr
Royal Never Give Up,2023,Spring,TOP,Breathe
Royal Never Give Up,2023,Spring,JUNGLE,Wei
Royal Never Give Up,2023,Spring,MID,Angel
Royal Never Give Up,2023,Spring,BOT,GALA
Royal Never Give Up,2023,Spring,SUPPORT,Ming
Royal Never Give Up,2023,Spring,MID,Tangyuan
Royal Never Give Up,2023,Spring,SUPPORT,Bunny
Team WE,2023,Spring,TOP,Biubiu
Team WE,2023,Spring,JUNGLE,Heng
Team WE,2023,Spring,MID,Shanks
Team WE,2023,Spring,BOT,Hope
Team WE,2023,Spring,SUPPORT,Iwandy
Top Esports,2023,Spring,TOP,Wayward
Top Esports,2023,Spring,JUNGLE,Tian
Top Esports,2023,Spring,MID,RooKie
Top Esports,2023,Spring,BOT,JackeyLove
Top Esports,2023,Spring,SUPPORT,Mark
Top Esports,2023,Spring,TOP,Qingtian
TT,2023,Spring,TOP,Hoya
TT,2023,Spring,JUNGLE,Beichuan
TT,2023,Spring,MID,Ucal
TT,2023,Spring,BOT,huanfeng
TT,2023,Spring,SUPPORT,yaoyao
TT,2023,Spring,SUPPORT,XinLiu
Ultra Prime,2023,Spring,TOP,Hery
Ultra Prime,2023,Spring,JUNGLE,Ning
Ultra Prime,2023,Spring,MID,Forge
Ultra Prime,2023,Spring,BOT,Doggo
Ultra Prime,2023,Spring,SUPPORT,Baolan
Ultra Prime,2023,Spring,MID,Qing
Weibo Gaming,2023,Spring,TOP,TheShy
Weibo Gaming,2023,Spring,JUNGLE,Karsa
Weibo Gaming,2023,Spring,MID,xiaohu
Weibo Gaming,2023,Spring,BOT,Light
Weibo Gaming,2023,Spring,SUPPORT,Crisp
Anyone s Legend,2022,Summer,TOP,Zdz
Anyone s Legend,2022,Summer,JUNGLE,Xiaohao
Anyone s Legend,2022,Summer,MID,Harder
Anyone s Legend,2022,Summer,BOT,Betty
Anyone s Legend,2022,Summer,SUPPORT,Qiuqiu
Anyone s Legend,2022,Summer,MID,Forge
Anyone s Legend,2022,Summer,BOT,Qiuqiu
Anyone s Legend,2022,Summer,SUPPORT,Betty
Bilibili Gaming,2022,Summer,TOP,Bin
Bilibili Gaming,2022,Summer,JUNGLE,WeiWei
Bilibili Gaming,2022,Summer,MID,icon
Bilibili Gaming,2022,Summer,BOT,Doggo
Bilibili Gaming,2022,Summer,SUPPORT,Crisp
Bilibili Gaming,2022,Summer,JUNGLE,can
Bilibili Gaming,2022,Summer,MID,FoFo
Bilibili Gaming,2022,Summer,BOT,Rise
Bilibili Gaming,2022,Summer,BOT,Crisp
Bilibili Gaming,2022,Summer,SUPPORT,Rise
Edward Gaming,2022,Summer,TOP,Flandre
Edward Gaming,2022,Summer,JUNGLE,JunJia
Edward Gaming,2022,Summer,MID,Scout
Edward Gaming,2022,Summer,BOT,Viper
Edward Gaming,2022,Summer,SUPPORT,meiko
Edward Gaming,2022,Summer,JUNGLE,Jiejie
Edward Gaming,2022,Summer,BOT,meiko
Edward Gaming,2022,Summer,SUPPORT,Viper
Funplus Phoenix,2022,Summer,TOP,Summit
Funplus Phoenix,2022,Summer,JUNGLE,Clid
Funplus Phoenix,2022,Summer,MID,Care
Funplus Phoenix,2022,Summer,BOT,Lwx
Funplus Phoenix,2022,Summer,SUPPORT,Hang
Funplus Phoenix,2022,Summer,TOP,Xiaolaohu
Funplus Phoenix,2022,Summer,BOT,Hang
Funplus Phoenix,2022,Summer,SUPPORT,Lwx
Invictus Gaming,2022,Summer,TOP,Zika
Invictus Gaming,2022,Summer,JUNGLE,XUN
Invictus Gaming,2022,Summer,MID,Mole
Invictus Gaming,2022,Summer,BOT,Ahn
Invictus Gaming,2022,Summer,SUPPORT,Wink
Invictus Gaming,2022,Summer,MID,Yuekai
Invictus Gaming,2022,Summer,BOT,Wink
Invictus Gaming,2022,Summer,BOT,XinLiu
Invictus Gaming,2022,Summer,SUPPORT,XinLiu
JD Gaming,2022,Summer,TOP,369
JD Gaming,2022,Summer,JUNGLE,Kanavi
JD Gaming,2022,Summer,MID,Yagao
JD Gaming,2022,Summer,BOT,Hope
JD Gaming,2022,Summer,SUPPORT,Missing
LGD Gaming,2022,Summer,TOP,fearness
LGD Gaming,2022,Summer,JUNGLE,Shad0w
LGD Gaming,2022,Summer,MID,YeG
LGD Gaming,2022,Summer,BOT,Assum
LGD Gaming,2022,Summer,SUPPORT,jinjiao
LGD Gaming,2022,Summer,TOP,Chelizi
LGD Gaming,2022,Summer,JUNGLE,Kui
LGD Gaming,2022,Summer,MID,Haichao
LGD Gaming,2022,Summer,BOT,jinjiao
LGD Gaming,2022,Summer,BOT,Eric
LGD Gaming,2022,Summer,SUPPORT,Assum
LGD Gaming,2022,Summer,SUPPORT,Eric
LNG Esports,2022,Summer,TOP,Ale
LNG Esports,2022,Summer,JUNGLE,Tarzan
LNG Esports,2022,Summer,MID,Doinb
LNG Esports,2022,Summer,BOT,Light
LNG Esports,2022,Summer,SUPPORT,LvMao
LNG Esports,2022,Summer,TOP,PandaC
LNG Esports,2022,Summer,BOT,Iwandy
LNG Esports,2022,Summer,SUPPORT,Iwandy
LNG Esports,2022,Summer,SUPPORT,Light
OMG,2022,Summer,TOP,shanji
OMG,2022,Summer,JUNGLE,AKi
OMG,2022,Summer,MID,Creme
OMG,2022,Summer,BOT,Able
OMG,2022,Summer,SUPPORT,cold
OMG,2022,Summer,MID,0909
OMG,2022,Summer,BOT,cold
OMG,2022,Summer,SUPPORT,Jerry
OMG,2022,Summer,SUPPORT,Able
Rare Atom,2022,Summer,TOP,Cube
Rare Atom,2022,Summer,JUNGLE,Leyan
Rare Atom,2022,Summer,MID,Strive
Rare Atom,2022,Summer,BOT,iBOY
Rare Atom,2022,Summer,SUPPORT,yuyanjia
Rare Atom,2022,Summer,BOT,yuyanjia
Rare Atom,2022,Summer,SUPPORT,iBOY
Rare Atom,2022,Summer,SUPPORT,Zorah
Royal Never Give Up,2022,Summer,TOP,Breathe
Royal Never Give Up,2022,Summer,JUNGLE,Wei
Royal Never Give Up,2022,Summer,MID,xiaohu
Royal Never Give Up,2022,Summer,BOT,GALA
Royal Never Give Up,2022,Summer,SUPPORT,Ming
Royal Never Give Up,2022,Summer,BOT,Ming
Royal Never Give Up,2022,Summer,SUPPORT,GALA
Team WE,2022,Summer,TOP,Demon
Team WE,2022,Summer,JUNGLE,View
Team WE,2022,Summer,MID,Shanks
Team WE,2022,Summer,BOT,Xing
Team WE,2022,Summer,SUPPORT,Kedaya
Team WE,2022,Summer,TOP,Biubiu
Team WE,2022,Summer,JUNGLE,beishang
Team WE,2022,Summer,MID,xiye
Team WE,2022,Summer,BOT,SmLz
Team WE,2022,Summer,BOT,Kedaya
Team WE,2022,Summer,SUPPORT,heal
Team WE,2022,Summer,SUPPORT,Xing
Top Esports,2022,Summer,TOP,Qingtian
Top Esports,2022,Summer,JUNGLE,Tian
Top Esports,2022,Summer,MID,Knight
Top Esports,2022,Summer,BOT,JackeyLove
Top Esports,2022,Summer,SUPPORT,Mark
Top Esports,2022,Summer,TOP,Wayward
Top Esports,2022,Summer,BOT,Mark
Top Esports,2022,Summer,SUPPORT,JackeyLove
TT,2022,Summer,TOP,Hoya
TT,2022,Summer,JUNGLE,Beichuan
TT,2022,Summer,MID,Ucal
TT,2022,Summer,BOT,Kepler
TT,2022,Summer,SUPPORT,yaoyao
TT,2022,Summer,TOP,xiaoxiang
TT,2022,Summer,BOT,Puff
TT,2022,Summer,BOT,Southwind
TT,2022,Summer,BOT,yaoyao
TT,2022,Summer,SUPPORT,Southwind
TT,2022,Summer,SUPPORT,Puff
Ultra Prime,2022,Summer,TOP,Hery
Ultra Prime,2022,Summer,JUNGLE,H4cker
Ultra Prime,2022,Summer,MID,Cryin
Ultra Prime,2022,Summer,BOT,Elk
Ultra Prime,2022,Summer,SUPPORT,Miaoniu
Ultra Prime,2022,Summer,TOP,Zoom
Ultra Prime,2022,Summer,BOT,ShiauC
Ultra Prime,2022,Summer,SUPPORT,ShiauC
Ultra Prime,2022,Summer,SUPPORT,Elk
Victory Five,2022,Summer,TOP,Rich
Victory Five,2022,Summer,JUNGLE,XLB
Victory Five,2022,Summer,MID,RooKie
Victory Five,2022,Summer,BOT,Ppgod
Victory Five,2022,Summer,SUPPORT,Photic
Victory Five,2022,Summer,JUNGLE,Karsa
Victory Five,2022,Summer,MID,Dream
Victory Five,2022,Summer,BOT,Photic
Victory Five,2022,Summer,SUPPORT,Ppgod
Weibo Gaming,2022,Summer,TOP,TheShy
Weibo Gaming,2022,Summer,JUNGLE,SofM
Weibo Gaming,2022,Summer,MID,Angel
Weibo Gaming,2022,Summer,BOT,huanfeng
Weibo Gaming,2022,Summer,SUPPORT,ON
Weibo Gaming,2022,Summer,BOT,ON
Weibo Gaming,2022,Summer,SUPPORT,SwordArt
Weibo Gaming,2022,Summer,SUPPORT,huanfeng
Anyone s Legend,2022,Spring,TOP,Zdz
Anyone s Legend,2022,Spring,JUNGLE,Xiaohao
Anyone s Legend,2022,Spring,MID,Forge
Anyone s Legend,2022,Spring,BOT,Betty
Anyone s Legend,2022,Spring,SUPPORT,Qiuqiu
Anyone s Legend,2022,Spring,MID,Maple
Bilibili Gaming,2022,Spring,TOP,Breathe
Bilibili Gaming,2022,Spring,JUNGLE,WeiWei
Bilibili Gaming,2022,Spring,MID,FoFo
Bilibili Gaming,2022,Spring,BOT,Doggo
Bilibili Gaming,2022,Spring,SUPPORT,Crisp
Bilibili Gaming,2022,Spring,BOT,Uzi
Edward Gaming,2022,Spring,TOP,Flandre
Edward Gaming,2022,Spring,JUNGLE,Jiejie
Edward Gaming,2022,Spring,MID,Scout
Edward Gaming,2022,Spring,BOT,Viper
Edward Gaming,2022,Spring,SUPPORT,meiko
Edward Gaming,2022,Spring,TOP,xiaoxiang
Funplus Phoenix,2022,Spring,TOP,Xiaolaohu
Funplus Phoenix,2022,Spring,JUNGLE,Clid
Funplus Phoenix,2022,Spring,MID,Care
Funplus Phoenix,2022,Spring,BOT,Lwx
Funplus Phoenix,2022,Spring,SUPPORT,Hang
Funplus Phoenix,2022,Spring,JUNGLE,Beichuan
Funplus Phoenix,2022,Spring,MID,Gori
Funplus Phoenix,2022,Spring,BOT,Hang
Funplus Phoenix,2022,Spring,SUPPORT,Lwx
Invictus Gaming,2022,Spring,TOP,Zika
Invictus Gaming,2022,Spring,JUNGLE,XUN
Invictus Gaming,2022,Spring,MID,Yuekai
Invictus Gaming,2022,Spring,BOT,Wink
Invictus Gaming,2022,Spring,SUPPORT,Ke
Invictus Gaming,2022,Spring,TOP,neny
Invictus Gaming,2022,Spring,MID,Mole
Invictus Gaming,2022,Spring,BOT,xiaoyueji
Invictus Gaming,2022,Spring,BOT,Ahn
Invictus Gaming,2022,Spring,BOT,XinLiu
Invictus Gaming,2022,Spring,SUPPORT,XinLiu
Invictus Gaming,2022,Spring,SUPPORT,Wink
JD Gaming,2022,Spring,TOP,369
JD Gaming,2022,Spring,JUNGLE,Kanavi
JD Gaming,2022,Spring,MID,Yagao
JD Gaming,2022,Spring,BOT,Hope
JD Gaming,2022,Spring,SUPPORT,Missing
JD Gaming,2022,Spring,BOT,Lpc
LGD Gaming,2022,Spring,TOP,Garvey
LGD Gaming,2022,Spring,JUNGLE,Kui
LGD Gaming,2022,Spring,MID,YeG
LGD Gaming,2022,Spring,BOT,Eric
LGD Gaming,2022,Spring,SUPPORT,jinjiao
LGD Gaming,2022,Spring,TOP,fearness
LGD Gaming,2022,Spring,JUNGLE,Shad0w
LGD Gaming,2022,Spring,MID,Jay
LGD Gaming,2022,Spring,BOT,jinjiao
LGD Gaming,2022,Spring,SUPPORT,Eric
LNG Esports,2022,Spring,TOP,Ale
LNG Esports,2022,Spring,JUNGLE,Tarzan
LNG Esports,2022,Spring,MID,Doinb
LNG Esports,2022,Spring,BOT,Light
LNG Esports,2022,Spring,SUPPORT,Iwandy
LNG Esports,2022,Spring,SUPPORT,LvMao
OMG,2022,Spring,TOP,shanji
OMG,2022,Spring,JUNGLE,AKi
OMG,2022,Spring,MID,Creme
OMG,2022,Spring,BOT,Able
OMG,2022,Spring,SUPPORT,cold
Rare Atom,2022,Spring,TOP,Cube
Rare Atom,2022,Spring,JUNGLE,Leyan
Rare Atom,2022,Spring,MID,Strive
Rare Atom,2022,Spring,BOT,iBOY
Rare Atom,2022,Spring,SUPPORT,yuyanjia
Rare Atom,2022,Spring,SUPPORT,Zorah
Royal Never Give Up,2022,Spring,TOP,Bin
Royal Never Give Up,2022,Spring,JUNGLE,Wei
Royal Never Give Up,2022,Spring,MID,xiaohu
Royal Never Give Up,2022,Spring,BOT,GALA
Royal Never Give Up,2022,Spring,SUPPORT,Ming
Team WE,2022,Spring,TOP,Biubiu
Team WE,2022,Spring,JUNGLE,beishang
Team WE,2022,Spring,MID,xiye
Team WE,2022,Spring,BOT,Xing
Team WE,2022,Spring,SUPPORT,Kedaya
Team WE,2022,Spring,JUNGLE,View
Team WE,2022,Spring,MID,Shanks
Team WE,2022,Spring,BOT,Stay
Top Esports,2022,Spring,TOP,Wayward
Top Esports,2022,Spring,JUNGLE,Tian
Top Esports,2022,Spring,MID,Knight
Top Esports,2022,Spring,BOT,JackeyLove
Top Esports,2022,Spring,SUPPORT,Mark
Top Esports,2022,Spring,TOP,Zoom
Top Esports,2022,Spring,JUNGLE,Xiaopeng
Top Esports,2022,Spring,BOT,Mark
Top Esports,2022,Spring,SUPPORT,Zhuo
Top Esports,2022,Spring,SUPPORT,JackeyLove
TT,2022,Spring,TOP,New
TT,2022,Spring,JUNGLE,Moyan
TT,2022,Spring,MID,Ucal
TT,2022,Spring,BOT,Puff
TT,2022,Spring,SUPPORT,Southwind
TT,2022,Spring,JUNGLE,Chieftain
TT,2022,Spring,MID,Captain
TT,2022,Spring,BOT,Southwind
TT,2022,Spring,SUPPORT,Puff
Ultra Prime,2022,Spring,TOP,Aliez
Ultra Prime,2022,Spring,JUNGLE,H4cker
Ultra Prime,2022,Spring,MID,Cryin
Ultra Prime,2022,Spring,BOT,Elk
Ultra Prime,2022,Spring,SUPPORT,ShiauC
Ultra Prime,2022,Spring,TOP,zs
Victory Five,2022,Spring,TOP,Rich
Victory Five,2022,Spring,JUNGLE,Karsa
Victory Five,2022,Spring,MID,RooKie
Victory Five,2022,Spring,BOT,Photic
Victory Five,2022,Spring,SUPPORT,Ppgod
Victory Five,2022,Spring,TOP,invincible
Victory Five,2022,Spring,JUNGLE,XLB
Victory Five,2022,Spring,BOT,Ppgod
Victory Five,2022,Spring,SUPPORT,Photic
Weibo Gaming,2022,Spring,TOP,TheShy
Weibo Gaming,2022,Spring,JUNGLE,SofM
Weibo Gaming,2022,Spring,MID,Angel
Weibo Gaming,2022,Spring,BOT,huanfeng
Weibo Gaming,2022,Spring,SUPPORT,ON
Weibo Gaming,2022,Spring,SUPPORT,SwordArt
Bilibili Gaming,2021,Summer,TOP,Biubiu
Bilibili Gaming,2021,Summer,JUNGLE,WeiWei
Bilibili Gaming,2021,Summer,MID,Zeka
Bilibili Gaming,2021,Summer,BOT,Aiming
Bilibili Gaming,2021,Summer,SUPPORT,Ppgod
Bilibili Gaming,2021,Summer,BOT,Ppgod
Bilibili Gaming,2021,Summer,SUPPORT,Aiming
Edward Gaming,2021,Summer,TOP,Flandre
Edward Gaming,2021,Summer,JUNGLE,Jiejie
Edward Gaming,2021,Summer,MID,Scout
Edward Gaming,2021,Summer,BOT,Viper
Edward Gaming,2021,Summer,SUPPORT,meiko
Edward Gaming,2021,Summer,JUNGLE,ClearLove
Edward Gaming,2021,Summer,JUNGLE,JunJia
Edward Gaming,2021,Summer,BOT,meiko
Edward Gaming,2021,Summer,SUPPORT,Viper
Funplus Phoenix,2021,Summer,TOP,Xiaolaohu
Funplus Phoenix,2021,Summer,JUNGLE,Tian
Funplus Phoenix,2021,Summer,MID,Doinb
Funplus Phoenix,2021,Summer,BOT,Lwx
Funplus Phoenix,2021,Summer,SUPPORT,Crisp
Funplus Phoenix,2021,Summer,TOP,Nuguri
Funplus Phoenix,2021,Summer,BOT,Crisp
Funplus Phoenix,2021,Summer,BOT,JingYi
Funplus Phoenix,2021,Summer,SUPPORT,Lwx
Funplus Phoenix,2021,Summer,SUPPORT,Shenyi
Invictus Gaming,2021,Summer,TOP,TheShy
Invictus Gaming,2021,Summer,JUNGLE,XUN
Invictus Gaming,2021,Summer,MID,RooKie
Invictus Gaming,2021,Summer,BOT,Wink
Invictus Gaming,2021,Summer,SUPPORT,XinLiu
Invictus Gaming,2021,Summer,TOP,neny
Invictus Gaming,2021,Summer,BOT,Puff
Invictus Gaming,2021,Summer,SUPPORT,Baolan
JD Gaming,2021,Summer,TOP,Zoom
JD Gaming,2021,Summer,JUNGLE,Kanavi
JD Gaming,2021,Summer,MID,Yagao
JD Gaming,2021,Summer,BOT,Lpc
JD Gaming,2021,Summer,SUPPORT,LvMao
JD Gaming,2021,Summer,BOT,LokeN
LGD Gaming,2021,Summer,TOP,fearness
LGD Gaming,2021,Summer,JUNGLE,Shad0w
LGD Gaming,2021,Summer,MID,xiye
LGD Gaming,2021,Summer,BOT,Kramer
LGD Gaming,2021,Summer,SUPPORT,Mark
LGD Gaming,2021,Summer,TOP,Garvey
LNG Esports,2021,Summer,TOP,Ale
LNG Esports,2021,Summer,JUNGLE,Tarzan
LNG Esports,2021,Summer,MID,icon
LNG Esports,2021,Summer,BOT,Light
LNG Esports,2021,Summer,SUPPORT,Iwandy
LNG Esports,2021,Summer,TOP,M1kuya
LNG Esports,2021,Summer,BOT,LP
LNG Esports,2021,Summer,SUPPORT,Kedaya
OMG,2021,Summer,TOP,New
OMG,2021,Summer,JUNGLE,AKi
OMG,2021,Summer,MID,Creme
OMG,2021,Summer,BOT,Able
OMG,2021,Summer,SUPPORT,cold
OMG,2021,Summer,BOT,cold
OMG,2021,Summer,SUPPORT,Able
Rare Atom,2021,Summer,TOP,Cube
Rare Atom,2021,Summer,JUNGLE,Leyan
Rare Atom,2021,Summer,MID,FoFo
Rare Atom,2021,Summer,BOT,iBOY
Rare Atom,2021,Summer,SUPPORT,Hang
Rare Atom,2021,Summer,BOT,Hang
Rare Atom,2021,Summer,SUPPORT,iBOY
Rogue Warriors,2021,Summer,TOP,Zdz
Rogue Warriors,2021,Summer,JUNGLE,Xiaohao
Rogue Warriors,2021,Summer,MID,Forge
Rogue Warriors,2021,Summer,BOT,Betty
Rogue Warriors,2021,Summer,SUPPORT,Qiuqiu
Rogue Warriors,2021,Summer,TOP,Leaky
Rogue Warriors,2021,Summer,JUNGLE,icecoKe
Rogue Warriors,2021,Summer,BOT,ZWuJi
Rogue Warriors,2021,Summer,BOT,Qiuqiu
Rogue Warriors,2021,Summer,SUPPORT,kaixuan
Rogue Warriors,2021,Summer,SUPPORT,ZWuJi
Royal Never Give Up,2021,Summer,TOP,xiaohu
Royal Never Give Up,2021,Summer,JUNGLE,Wei
Royal Never Give Up,2021,Summer,MID,Cryin
Royal Never Give Up,2021,Summer,BOT,GALA
Royal Never Give Up,2021,Summer,SUPPORT,Ming
Royal Never Give Up,2021,Summer,MID,Yuekai
Suning,2021,Summer,TOP,Bin
Suning,2021,Summer,JUNGLE,SofM
Suning,2021,Summer,MID,Angel
Suning,2021,Summer,BOT,huanfeng
Suning,2021,Summer,SUPPORT,ON
Suning,2021,Summer,JUNGLE,View
Suning,2021,Summer,BOT,ON
Suning,2021,Summer,SUPPORT,huanfeng
Suning,2021,Summer,SUPPORT,SofM
Team WE,2021,Summer,TOP,Breathe
Team WE,2021,Summer,JUNGLE,beishang
Team WE,2021,Summer,MID,Shanks
Team WE,2021,Summer,BOT,Stay
Team WE,2021,Summer,SUPPORT,Mole
Team WE,2021,Summer,MID,Mole
Team WE,2021,Summer,BOT,Elk
Team WE,2021,Summer,SUPPORT,Missing
Top Esports,2021,Summer,TOP,369
Top Esports,2021,Summer,JUNGLE,Karsa
Top Esports,2021,Summer,MID,Knight
Top Esports,2021,Summer,BOT,JackeyLove
Top Esports,2021,Summer,SUPPORT,Zhuo
Top Esports,2021,Summer,TOP,Qingtian
Top Esports,2021,Summer,BOT,Zhuo
Top Esports,2021,Summer,SUPPORT,yuyanjia
Top Esports,2021,Summer,SUPPORT,JackeyLove
TT,2021,Summer,TOP,xiao7
TT,2021,Summer,JUNGLE,Xiaopeng
TT,2021,Summer,MID,YeG
TT,2021,Summer,BOT,Hans SamD
TT,2021,Summer,SUPPORT,yaoyao
TT,2021,Summer,TOP,Langx
TT,2021,Summer,MID,Captain
TT,2021,Summer,SUPPORT,Patch
Ultra Prime,2021,Summer,TOP,zs
Ultra Prime,2021,Summer,JUNGLE,H4cker
Ultra Prime,2021,Summer,MID,xiaocaobao
Ultra Prime,2021,Summer,BOT,SmLz
Ultra Prime,2021,Summer,SUPPORT,ShiauC
Ultra Prime,2021,Summer,MID,irma
Ultra Prime,2021,Summer,BOT,ShiauC
Ultra Prime,2021,Summer,SUPPORT,SmLz
Victory Five,2021,Summer,TOP,Aliez
Victory Five,2021,Summer,JUNGLE,pzx
Victory Five,2021,Summer,MID,ubao
Victory Five,2021,Summer,BOT,Kepler
Victory Five,2021,Summer,SUPPORT,heal
Victory Five,2021,Summer,TOP,invincible
Victory Five,2021,Summer,JUNGLE,JugGod
Victory Five,2021,Summer,SUPPORT,ZYF
Bilibili Gaming,2021,Spring,TOP,Biubiu
Bilibili Gaming,2021,Spring,JUNGLE,Meteor
Bilibili Gaming,2021,Spring,MID,Zeka
Bilibili Gaming,2021,Spring,BOT,Aiming
Bilibili Gaming,2021,Spring,SUPPORT,Jwei
Bilibili Gaming,2021,Spring,SUPPORT,Mark
Edward Gaming,2021,Spring,TOP,Flandre
Edward Gaming,2021,Spring,JUNGLE,Jiejie
Edward Gaming,2021,Spring,MID,Scout
Edward Gaming,2021,Spring,BOT,Viper
Edward Gaming,2021,Spring,SUPPORT,meiko
Funplus Phoenix,2021,Spring,TOP,Nuguri
Funplus Phoenix,2021,Spring,JUNGLE,Tian
Funplus Phoenix,2021,Spring,MID,Doinb
Funplus Phoenix,2021,Spring,BOT,Lwx
Funplus Phoenix,2021,Spring,SUPPORT,Crisp
Funplus Phoenix,2021,Spring,JUNGLE,Bo
Funplus Phoenix,2021,Spring,JUNGLE,Beichuan
Invictus Gaming,2021,Spring,TOP,TheShy
Invictus Gaming,2021,Spring,JUNGLE,XUN
Invictus Gaming,2021,Spring,MID,RooKie
Invictus Gaming,2021,Spring,BOT,Wink
Invictus Gaming,2021,Spring,SUPPORT,XinLiu
Invictus Gaming,2021,Spring,BOT,Puff
Invictus Gaming,2021,Spring,SUPPORT,Baolan
JD Gaming,2021,Spring,TOP,Zoom
JD Gaming,2021,Spring,JUNGLE,Kanavi
JD Gaming,2021,Spring,MID,Yagao
JD Gaming,2021,Spring,BOT,LokeN
JD Gaming,2021,Spring,SUPPORT,LvMao
JD Gaming,2021,Spring,MID,xiye
LGD Gaming,2021,Spring,TOP,Garvey
LGD Gaming,2021,Spring,JUNGLE,Kui
LGD Gaming,2021,Spring,MID,ubao
LGD Gaming,2021,Spring,BOT,Kramer
LGD Gaming,2021,Spring,SUPPORT,Chance
LGD Gaming,2021,Spring,TOP,fearness
LGD Gaming,2021,Spring,JUNGLE,Flora
LGD Gaming,2021,Spring,BOT,Garvey
LGD Gaming,2021,Spring,BOT,Peace
LGD Gaming,2021,Spring,SUPPORT,Peace
LGD Gaming,2021,Spring,SUPPORT,Kramer
LNG Esports,2021,Spring,TOP,M1kuya
LNG Esports,2021,Spring,JUNGLE,Tarzan
LNG Esports,2021,Spring,MID,icon
LNG Esports,2021,Spring,BOT,Light
LNG Esports,2021,Spring,SUPPORT,Iwandy
LNG Esports,2021,Spring,TOP,Ale
OMG,2021,Spring,TOP,New
OMG,2021,Spring,JUNGLE,AKi
OMG,2021,Spring,MID,Wuming
OMG,2021,Spring,BOT,Eric
OMG,2021,Spring,SUPPORT,cold
OMG,2021,Spring,TOP,Bright
OMG,2021,Spring,TOP,Alielie
OMG,2021,Spring,BOT,Kane
Rare Atom,2021,Spring,TOP,Cube
Rare Atom,2021,Spring,JUNGLE,Leyan
Rare Atom,2021,Spring,MID,FoFo
Rare Atom,2021,Spring,BOT,iBOY
Rare Atom,2021,Spring,SUPPORT,Hang
Rare Atom,2021,Spring,JUNGLE,Aix
Rogue Warriors,2021,Spring,TOP,Ziv
Rogue Warriors,2021,Spring,JUNGLE,Haro
Rogue Warriors,2021,Spring,MID,Forge
Rogue Warriors,2021,Spring,BOT,Betty
Rogue Warriors,2021,Spring,SUPPORT,Qiuqiu
Rogue Warriors,2021,Spring,BOT,kelin
Rogue Warriors,2021,Spring,BOT,Michi
Rogue Warriors,2021,Spring,BOT,Qiuqiu
Rogue Warriors,2021,Spring,SUPPORT,heal
Rogue Warriors,2021,Spring,SUPPORT,kaixuan
Royal Never Give Up,2021,Spring,TOP,xiaohu
Royal Never Give Up,2021,Spring,JUNGLE,Wei
Royal Never Give Up,2021,Spring,MID,Cryin
Royal Never Give Up,2021,Spring,BOT,GALA
Royal Never Give Up,2021,Spring,SUPPORT,Ming
Suning,2021,Spring,TOP,Bin
Suning,2021,Spring,JUNGLE,SofM
Suning,2021,Spring,MID,Angel
Suning,2021,Spring,BOT,huanfeng
Suning,2021,Spring,SUPPORT,ON
Team WE,2021,Spring,TOP,Breathe
Team WE,2021,Spring,JUNGLE,beishang
Team WE,2021,Spring,MID,Shanks
Team WE,2021,Spring,BOT,Elk
Team WE,2021,Spring,SUPPORT,Missing
Team WE,2021,Spring,MID,Yimeng
Top Esports,2021,Spring,TOP,369
Top Esports,2021,Spring,JUNGLE,Karsa
Top Esports,2021,Spring,MID,Knight
Top Esports,2021,Spring,BOT,JackeyLove
Top Esports,2021,Spring,SUPPORT,Zhuo
TT,2021,Spring,TOP,Chelizi
TT,2021,Spring,JUNGLE,Xiaopeng
TT,2021,Spring,MID,Twila
TT,2021,Spring,BOT,Hans SamD
TT,2021,Spring,SUPPORT,Teeen
TT,2021,Spring,JUNGLE,Bless
TT,2021,Spring,MID,Captain
TT,2021,Spring,BOT,Teeen
TT,2021,Spring,SUPPORT,Hans SamD
Ultra Prime,2021,Spring,TOP,zs
Ultra Prime,2021,Spring,JUNGLE,H4cker
Ultra Prime,2021,Spring,MID,irma
Ultra Prime,2021,Spring,BOT,rat
Ultra Prime,2021,Spring,SUPPORT,ShiauC
Ultra Prime,2021,Spring,MID,Insulator
Ultra Prime,2021,Spring,BOT,ShiauC
Ultra Prime,2021,Spring,SUPPORT,rat
Victory Five,2021,Spring,TOP,Langx
Victory Five,2021,Spring,JUNGLE,WeiWei
Victory Five,2021,Spring,MID,Mole
Victory Five,2021,Spring,BOT,Trigger
Victory Five,2021,Spring,SUPPORT,Ppgod
Victory Five,2021,Spring,TOP,Aodi
Victory Five,2021,Spring,TOP,invincible
Victory Five,2021,Spring,BOT,Y4
Bilibili Gaming,2020,Summer,TOP,kingen
Bilibili Gaming,2020,Summer,JUNGLE,Meteor
Bilibili Gaming,2020,Summer,MID,FoFo
Bilibili Gaming,2020,Summer,BOT,Wings
Bilibili Gaming,2020,Summer,SUPPORT,XinMo
Bilibili Gaming,2020,Summer,TOP,ADD
Bilibili Gaming,2020,Summer,JUNGLE,l3est16
Dominus Esports,2020,Summer,TOP,Chelizi
Dominus Esports,2020,Summer,JUNGLE,Xiaopeng
Dominus Esports,2020,Summer,MID,Twila
Dominus Esports,2020,Summer,BOT,Xubin
Dominus Esports,2020,Summer,SUPPORT,Yui
Dominus Esports,2020,Summer,TOP,Natural
Dominus Esports,2020,Summer,BOT,Helper
Dominus Esports,2020,Summer,BOT,Mitsuki
Dominus Esports,2020,Summer,SUPPORT,Mitsuki
Dominus Esports,2020,Summer,SUPPORT,Helper
Edward Gaming,2020,Summer,TOP,xiaoxiang
Edward Gaming,2020,Summer,JUNGLE,Jiejie
Edward Gaming,2020,Summer,MID,Scout
Edward Gaming,2020,Summer,BOT,Hope
Edward Gaming,2020,Summer,SUPPORT,meiko
Edward Gaming,2020,Summer,TOP,Aodi
Edward Gaming,2020,Summer,JUNGLE,JunJia
Edward Gaming,2020,Summer,BOT,meiko
Edward Gaming,2020,Summer,BOT,BBD
Edward Gaming,2020,Summer,SUPPORT,BBD
eStar,2020,Summer,TOP,Xiaobai
eStar,2020,Summer,JUNGLE,Wei
eStar,2020,Summer,MID,fenfen
eStar,2020,Summer,BOT,Wink
eStar,2020,Summer,SUPPORT,ShiauC
eStar,2020,Summer,TOP,CJJ
eStar,2020,Summer,MID,irma
eStar,2020,Summer,BOT,rat
Funplus Phoenix,2020,Summer,TOP,GimGoon
Funplus Phoenix,2020,Summer,JUNGLE,Tian
Funplus Phoenix,2020,Summer,MID,Doinb
Funplus Phoenix,2020,Summer,BOT,Khan
Funplus Phoenix,2020,Summer,SUPPORT,Crisp
Funplus Phoenix,2020,Summer,TOP,Khan
Funplus Phoenix,2020,Summer,BOT,Lwx
Funplus Phoenix,2020,Summer,BOT,Crisp
Funplus Phoenix,2020,Summer,SUPPORT,Lwx
Invictus Gaming,2020,Summer,TOP,TheShy
Invictus Gaming,2020,Summer,JUNGLE,Ning
Invictus Gaming,2020,Summer,MID,RooKie
Invictus Gaming,2020,Summer,BOT,Puff
Invictus Gaming,2020,Summer,SUPPORT,Southwind
Invictus Gaming,2020,Summer,SUPPORT,heal
Invictus Gaming,2020,Summer,SUPPORT,Baolan
JD Gaming,2020,Summer,TOP,Zoom
JD Gaming,2020,Summer,JUNGLE,Kanavi
JD Gaming,2020,Summer,MID,Yagao
JD Gaming,2020,Summer,BOT,LokeN
JD Gaming,2020,Summer,SUPPORT,LvMao
LGD Gaming,2020,Summer,TOP,Langx
LGD Gaming,2020,Summer,JUNGLE,Peanut
LGD Gaming,2020,Summer,MID,xiye
LGD Gaming,2020,Summer,BOT,Kramer
LGD Gaming,2020,Summer,SUPPORT,killua
LGD Gaming,2020,Summer,TOP,Garvey
LGD Gaming,2020,Summer,SUPPORT,Mark
LNG Esports,2020,Summer,TOP,Flandre
LNG Esports,2020,Summer,JUNGLE,Xx
LNG Esports,2020,Summer,MID,Maple
LNG Esports,2020,Summer,BOT,Light
LNG Esports,2020,Summer,SUPPORT,Iwandy
LNG Esports,2020,Summer,TOP,chenlun17
LNG Esports,2020,Summer,BOT,Iwandy
LNG Esports,2020,Summer,SUPPORT,Light
LNG Esports,2020,Summer,SUPPORT,Duan
OMG,2020,Summer,TOP,Breathe
OMG,2020,Summer,JUNGLE,H4cker
OMG,2020,Summer,MID,icon
OMG,2020,Summer,BOT,SmLz
OMG,2020,Summer,SUPPORT,Sora
OMG,2020,Summer,TOP,Aliez
OMG,2020,Summer,BOT,Eric
OMG,2020,Summer,SUPPORT,cold
Rogue Warriors,2020,Summer,TOP,Holder
Rogue Warriors,2020,Summer,JUNGLE,Haro
Rogue Warriors,2020,Summer,MID,Wuming
Rogue Warriors,2020,Summer,BOT,ZWuJi
Rogue Warriors,2020,Summer,SUPPORT,Ley
Rogue Warriors,2020,Summer,TOP,Crazy
Rogue Warriors,2020,Summer,JUNGLE,Youdang
Rogue Warriors,2020,Summer,MID,Ruby
Rogue Warriors,2020,Summer,SUPPORT,kaixuan
Royal Never Give Up,2020,Summer,TOP,New
Royal Never Give Up,2020,Summer,JUNGLE,XLB
Royal Never Give Up,2020,Summer,MID,xiaohu
Royal Never Give Up,2020,Summer,BOT,GALA
Royal Never Give Up,2020,Summer,SUPPORT,Ming
Royal Never Give Up,2020,Summer,TOP,705
Royal Never Give Up,2020,Summer,MID,Cryin
Royal Never Give Up,2020,Summer,BOT,Betty
Royal Never Give Up,2020,Summer,BOT,Ming
Royal Never Give Up,2020,Summer,SUPPORT,Betty
Suning,2020,Summer,TOP,Bin
Suning,2020,Summer,JUNGLE,SofM
Suning,2020,Summer,MID,Angel
Suning,2020,Summer,BOT,huanfeng
Suning,2020,Summer,SUPPORT,SwordArt
Team WE,2020,Summer,TOP,Morgan
Team WE,2020,Summer,JUNGLE,beishang
Team WE,2020,Summer,MID,Teacherma
Team WE,2020,Summer,BOT,Elk
Team WE,2020,Summer,SUPPORT,Missing
Top Esports,2020,Summer,TOP,369
Top Esports,2020,Summer,JUNGLE,Karsa
Top Esports,2020,Summer,MID,Knight
Top Esports,2020,Summer,BOT,JackeyLove
Top Esports,2020,Summer,SUPPORT,yuyanjia
Top Esports,2020,Summer,BOT,Qiuqiu
Vici Gaming,2020,Summer,TOP,Cube
Vici Gaming,2020,Summer,JUNGLE,Leyan
Vici Gaming,2020,Summer,MID,Zeka
Vici Gaming,2020,Summer,BOT,iBOY
Vici Gaming,2020,Summer,SUPPORT,Maestro
Vici Gaming,2020,Summer,JUNGLE,Aix
Vici Gaming,2020,Summer,MID,Forge
Vici Gaming,2020,Summer,BOT,Hang
Vici Gaming,2020,Summer,SUPPORT,Hang
Vici Gaming,2020,Summer,SUPPORT,iBOY
Victory Five,2020,Summer,TOP,Biubiu
Victory Five,2020,Summer,JUNGLE,WeiWei
Victory Five,2020,Summer,MID,Mole
Victory Five,2020,Summer,BOT,Y4
Victory Five,2020,Summer,SUPPORT,Ppgod
Victory Five,2020,Summer,BOT,Hans SamD
Bilibili Gaming,2020,Spring,TOP,kingen
Bilibili Gaming,2020,Spring,JUNGLE,Meteor
Bilibili Gaming,2020,Spring,MID,FoFo
Bilibili Gaming,2020,Spring,BOT,jinjiao
Bilibili Gaming,2020,Spring,SUPPORT,XinMo
Bilibili Gaming,2020,Spring,TOP,ADD
Bilibili Gaming,2020,Spring,BOT,XinMo
Bilibili Gaming,2020,Spring,SUPPORT,jinjiao
Dominus Esports,2020,Spring,TOP,Natural
Dominus Esports,2020,Spring,JUNGLE,Xiaopeng
Dominus Esports,2020,Spring,MID,xiye
Dominus Esports,2020,Spring,BOT,GALA
Dominus Esports,2020,Spring,SUPPORT,Mark
Dominus Esports,2020,Spring,TOP,melody
Dominus Esports,2020,Spring,JUNGLE,Bless
Dominus Esports,2020,Spring,MID,Xiaowei
Dominus Esports,2020,Spring,BOT,Mark
Dominus Esports,2020,Spring,SUPPORT,GALA
Edward Gaming,2020,Spring,TOP,Aodi
Edward Gaming,2020,Spring,JUNGLE,JunJia
Edward Gaming,2020,Spring,MID,Scout
Edward Gaming,2020,Spring,BOT,Hope
Edward Gaming,2020,Spring,SUPPORT,meiko
Edward Gaming,2020,Spring,TOP,Jinoo
Edward Gaming,2020,Spring,TOP,xiaoxiang
Edward Gaming,2020,Spring,JUNGLE,Jiejie
eStar,2020,Spring,TOP,Xiaobai
eStar,2020,Spring,JUNGLE,Wei
eStar,2020,Spring,MID,Cryin
eStar,2020,Spring,BOT,Wink
eStar,2020,Spring,SUPPORT,ShiauC
Funplus Phoenix,2020,Spring,TOP,GimGoon
Funplus Phoenix,2020,Spring,JUNGLE,Tian
Funplus Phoenix,2020,Spring,MID,Doinb
Funplus Phoenix,2020,Spring,BOT,Lwx
Funplus Phoenix,2020,Spring,SUPPORT,Crisp
Funplus Phoenix,2020,Spring,TOP,Khan
Funplus Phoenix,2020,Spring,BOT,Crisp
Funplus Phoenix,2020,Spring,SUPPORT,Lwx
Invictus Gaming,2020,Spring,TOP,TheShy
Invictus Gaming,2020,Spring,JUNGLE,Leyan
Invictus Gaming,2020,Spring,MID,RooKie
Invictus Gaming,2020,Spring,BOT,Puff
Invictus Gaming,2020,Spring,SUPPORT,Southwind
Invictus Gaming,2020,Spring,JUNGLE,Ning
Invictus Gaming,2020,Spring,BOT,Southwind
Invictus Gaming,2020,Spring,SUPPORT,Puff
JD Gaming,2020,Spring,TOP,Zoom
JD Gaming,2020,Spring,JUNGLE,Kanavi
JD Gaming,2020,Spring,MID,Yagao
JD Gaming,2020,Spring,BOT,LokeN
JD Gaming,2020,Spring,SUPPORT,LvMao
JD Gaming,2020,Spring,TOP,705
JD Gaming,2020,Spring,BOT,LvMao
JD Gaming,2020,Spring,SUPPORT,LokeN
LGD Gaming,2020,Spring,TOP,Lies
LGD Gaming,2020,Spring,JUNGLE,Peanut
LGD Gaming,2020,Spring,MID,fenfen
LGD Gaming,2020,Spring,BOT,Kramer
LGD Gaming,2020,Spring,SUPPORT,killua
LGD Gaming,2020,Spring,TOP,fearness
LGD Gaming,2020,Spring,TOP,fenfen
LGD Gaming,2020,Spring,MID,Yuuki
LGD Gaming,2020,Spring,BOT,Chance
LGD Gaming,2020,Spring,BOT,killua
LGD Gaming,2020,Spring,SUPPORT,Chance
LGD Gaming,2020,Spring,SUPPORT,Kramer
LNG Esports,2020,Spring,TOP,chenlun17
LNG Esports,2020,Spring,JUNGLE,Xx
LNG Esports,2020,Spring,MID,Maple
LNG Esports,2020,Spring,BOT,Light
LNG Esports,2020,Spring,SUPPORT,Duan
LNG Esports,2020,Spring,TOP,Flandre
LNG Esports,2020,Spring,BOT,Asura
LNG Esports,2020,Spring,BOT,Duan
LNG Esports,2020,Spring,SUPPORT,Asura
LNG Esports,2020,Spring,SUPPORT,Iwandy
OMG,2020,Spring,TOP,Breathe
OMG,2020,Spring,JUNGLE,H4cker
OMG,2020,Spring,MID,icon
OMG,2020,Spring,BOT,SmLz
OMG,2020,Spring,SUPPORT,cold
OMG,2020,Spring,BOT,cold
OMG,2020,Spring,SUPPORT,SmLz
Rogue Warriors,2020,Spring,TOP,Holder
Rogue Warriors,2020,Spring,JUNGLE,Haro
Rogue Warriors,2020,Spring,MID,Ruby
Rogue Warriors,2020,Spring,BOT,ZWuJi
Rogue Warriors,2020,Spring,SUPPORT,Ley
Rogue Warriors,2020,Spring,TOP,Crazy
Rogue Warriors,2020,Spring,JUNGLE,WeiYan
Rogue Warriors,2020,Spring,MID,Wuming
Rogue Warriors,2020,Spring,BOT,Ley
Rogue Warriors,2020,Spring,SUPPORT,ZWuJi
Royal Never Give Up,2020,Spring,TOP,Langx
Royal Never Give Up,2020,Spring,JUNGLE,XLB
Royal Never Give Up,2020,Spring,MID,xiaohu
Royal Never Give Up,2020,Spring,BOT,Betty
Royal Never Give Up,2020,Spring,SUPPORT,Ming
Royal Never Give Up,2020,Spring,BOT,Ming
Royal Never Give Up,2020,Spring,SUPPORT,Betty
Suning,2020,Spring,TOP,Bin
Suning,2020,Spring,JUNGLE,SofM
Suning,2020,Spring,MID,Angel
Suning,2020,Spring,BOT,huanfeng
Suning,2020,Spring,SUPPORT,SwordArt
Suning,2020,Spring,TOP,Biubiu
Suning,2020,Spring,BOT,WeiWei
Team WE,2020,Spring,TOP,Morgan
Team WE,2020,Spring,JUNGLE,beishang
Team WE,2020,Spring,MID,Teacherma
Team WE,2020,Spring,BOT,Elk
Team WE,2020,Spring,SUPPORT,Missing
Team WE,2020,Spring,MID,Jett
Team WE,2020,Spring,BOT,Missing
Team WE,2020,Spring,SUPPORT,Elk
Top Esports,2020,Spring,TOP,369
Top Esports,2020,Spring,JUNGLE,Karsa
Top Esports,2020,Spring,MID,Knight
Top Esports,2020,Spring,BOT,JackeyLove
Top Esports,2020,Spring,SUPPORT,yuyanjia
Top Esports,2020,Spring,BOT,Photic
Top Esports,2020,Spring,BOT,Qiuqiu
Top Esports,2020,Spring,SUPPORT,Qiuqiu
Top Esports,2020,Spring,SUPPORT,Photic
Vici Gaming,2020,Spring,TOP,Cube
Vici Gaming,2020,Spring,JUNGLE,Aix
Vici Gaming,2020,Spring,MID,Forge
Vici Gaming,2020,Spring,BOT,iBOY
Vici Gaming,2020,Spring,SUPPORT,Hang
Vici Gaming,2020,Spring,JUNGLE,Chieftain
Vici Gaming,2020,Spring,MID,Zeka
Vici Gaming,2020,Spring,BOT,Hang
Vici Gaming,2020,Spring,SUPPORT,Maestro
Vici Gaming,2020,Spring,SUPPORT,iBOY
Victory Five,2020,Spring,TOP,Aliez
Victory Five,2020,Spring,JUNGLE,xiaohan
Victory Five,2020,Spring,MID,clx
Victory Five,2020,Spring,BOT,Mole
Victory Five,2020,Spring,SUPPORT,Y4
Victory Five,2020,Spring,TOP,clx
Victory Five,2020,Spring,TOP,Mole
Victory Five,2020,Spring,JUNGLE,As6
Victory Five,2020,Spring,JUNGLE,Daylight
Victory Five,2020,Spring,MID,Mole
Victory Five,2020,Spring,BOT,Y4
Victory Five,2020,Spring,BOT,clx
Victory Five,2020,Spring,BOT,Max
Victory Five,2020,Spring,SUPPORT,Max
Victory Five,2020,Spring,SUPPORT,clx
